{"IcoMoonType":"selection","icons":[{"icon":{"paths":["M576 96c0 53.019-42.981 96-96 96s-96-42.981-96-96c0-53.019 42.981-96 96-96s96 42.981 96 96z","M576 256h-192c-35.346 0-64 28.654-64 64v320h64v384h80v-384h32v384h80v-384h64v-320c0-35.346-28.652-64-64-64z"],"tags":["man","male","gender","sex"],"defaultCode":59868,"grid":16,"attrs":[]},"attrs":[],"properties":{"ligatures":"man, male","name":"man","order":8,"id":221,"prevSize":32,"code":59868},"setIdx":0,"setId":1,"iconIdx":220},{"icon":{"paths":["M576 96c0 53.019-42.981 96-96 96s-96-42.981-96-96c0-53.019 42.981-96 96-96s96 42.981 96 96z","M719 512l49-35.5-133.286-206.116c-5.92-8.98-15.958-14.384-26.714-14.384h-256c-10.756 0-20.792 5.404-26.714 14.384l-133.286 206.116 49 35.5 110.644-143.596 38.458 89.74-134.102 245.856h122.666l21.334 320h64v-320h32v320h64l21.334-320h122.666l-134.104-245.858 38.458-89.74 110.646 143.598z"],"tags":["woman","female","gender","sex"],"defaultCode":59869,"grid":16,"attrs":[]},"attrs":[],"properties":{"ligatures":"woman, female","name":"woman","order":9,"id":222,"prevSize":32,"code":59869},"setIdx":0,"setId":1,"iconIdx":221},{"icon":{"paths":["M992 384h-352v-352c0-17.672-14.328-32-32-32h-192c-17.672 0-32 14.328-32 32v352h-352c-17.672 0-32 14.328-32 32v192c0 17.672 14.328 32 32 32h352v352c0 17.672 14.328 32 32 32h192c17.672 0 32-14.328 32-32v-352h352c17.672 0 32-14.328 32-32v-192c0-17.672-14.328-32-32-32z"],"tags":["plus","add","sum"],"defaultCode":59914,"grid":16,"attrs":[]},"attrs":[],"properties":{"ligatures":"plus, add","name":"plus","order":4,"id":267,"prevSize":32,"code":59914},"setIdx":0,"setId":1,"iconIdx":266},{"icon":{"paths":["M0 416v192c0 17.672 14.328 32 32 32h960c17.672 0 32-14.328 32-32v-192c0-17.672-14.328-32-32-32h-960c-17.672 0-32 14.328-32 32z"],"tags":["minus","subtract","minimize","line"],"defaultCode":59915,"grid":16,"attrs":[]},"attrs":[],"properties":{"ligatures":"minus, subtract","name":"minus","order":5,"id":268,"prevSize":32,"code":59915},"setIdx":0,"setId":1,"iconIdx":267},{"icon":{"paths":["M448 304c0-26.4 21.6-48 48-48h32c26.4 0 48 21.6 48 48v32c0 26.4-21.6 48-48 48h-32c-26.4 0-48-21.6-48-48v-32z","M640 768h-256v-64h64v-192h-64v-64h192v256h64z","M512 0c-282.77 0-512 229.23-512 512s229.23 512 512 512 512-229.23 512-512-229.23-512-512-512zM512 928c-229.75 0-416-186.25-416-416s186.25-416 416-416 416 186.25 416 416-186.25 416-416 416z"],"tags":["info","information"],"defaultCode":59916,"grid":16,"attrs":[]},"attrs":[],"properties":{"ligatures":"info, information","name":"info","order":6,"id":269,"prevSize":32,"code":59916},"setIdx":0,"setId":1,"iconIdx":268},{"icon":{"paths":["M192 128l640 384-640 384z"],"tags":["play","player"],"defaultCode":59932,"grid":16,"attrs":[]},"attrs":[],"properties":{"ligatures":"play3, player8","name":"play3","order":7,"id":285,"prevSize":32,"code":59932},"setIdx":0,"setId":1,"iconIdx":284},{"icon":{"paths":["M1024 512c0-282.77-229.23-512-512-512s-512 229.23-512 512 229.23 512 512 512 512-229.23 512-512zM96 512c0-229.75 186.25-416 416-416s416 186.25 416 416-186.25 416-416 416-416-186.25-416-416z","M317.256 354.744l-90.512 90.512 285.256 285.254 285.254-285.256-90.508-90.508-194.746 194.744z"],"tags":["circle-down","down","circle-bottom","arrow"],"defaultCode":59971,"grid":16,"attrs":[]},"attrs":[],"properties":{"ligatures":"circle-down, down3","name":"circle-down","order":3,"id":324,"prevSize":32,"code":59971},"setIdx":0,"setId":1,"iconIdx":323}],"height":1024,"metadata":{"name":"icomoon"},"preferences":{"showGlyphs":true,"showQuickUse":true,"showQuickUse2":true,"showSVGs":true,"fontPref":{"prefix":"icon-","metadata":{"fontFamily":"icomoon"},"metrics":{"emSize":1024,"baseline":6.25,"whitespace":50},"embed":false,"resetPoint":59648},"imagePref":{"prefix":"icon-","png":true,"useClassSelector":true,"color":0,"bgColor":16777215,"classSelector":".icon","name":"icomoon"},"historySize":50,"showCodes":true,"gridSize":16}}